t,s
-2.257349999999999852e+02,5.730024626771895724e-01
-2.249899999999999807e+02,5.721753055701752633e-01
-2.242449999999999761e+02,5.721755195449381715e-01
-2.234999999999999716e+02,5.721757111354204284e-01
-2.227549999999999955e+02,5.721758273472713485e-01
-2.220099999999999909e+02,5.721758327944127531e-01
-2.212649999999999864e+02,5.721757178092633511e-01
-2.205199999999999818e+02,5.721755002499694376e-01
-2.197749999999999773e+02,5.721752207649697386e-01
-2.190299999999999727e+02,5.721749328323080253e-01
-2.182849999999999966e+02,5.721746900720019458e-01
-2.175399999999999920e+02,5.721745338734690600e-01
-2.167949999999999875e+02,5.721744841895708422e-01
-2.160499999999999829e+02,5.721745355047151982e-01
-2.153049999999999784e+02,5.721746587151322894e-01
-2.145599999999999739e+02,5.721748082793530754e-01
-2.138149999999999977e+02,5.721749328283176617e-01
-2.130699999999999932e+02,5.721749867227289288e-01
-2.123249999999999886e+02,5.721749399442833672e-01
-2.115799999999999841e+02,5.721747841971526194e-01
-2.108349999999999795e+02,5.721745340339723374e-01
-2.100899999999999750e+02,5.721742229722892592e-01
-2.093449999999999704e+02,5.721738956655038066e-01
-2.085999999999999943e+02,5.721735979980422382e-01
-2.078549999999999898e+02,5.721733673287325850e-01
-2.071099999999999852e+02,5.721732249592097475e-01
-2.063649999999999807e+02,5.721731723183590690e-01
-2.056199999999999761e+02,5.721731914829322196e-01
-2.048750000000000000e+02,5.721732497033101827e-01
-2.041299999999999955e+02,5.721733067799064099e-01
-2.033849999999999909e+02,5.721733236061944394e-01
-2.026399999999999864e+02,5.721732700509406522e-01
-2.018949999999999818e+02,5.721731305989324889e-01
-2.011499999999999773e+02,5.721729067279985870e-01
-2.004049999999999727e+02,5.721726157326603168e-01
-1.996599999999999966e+02,5.721722864475551340e-01
-1.989149999999999920e+02,5.721719529232262014e-01
-1.981699999999999875e+02,5.721716474505835759e-01
-1.974249999999999829e+02,5.721713943670242442e-01
-1.966799999999999784e+02,5.721712058222397923e-01
-1.959349999999999739e+02,5.721710802086824588e-01
-1.951899999999999977e+02,5.721710033823379504e-01
-1.944449999999999932e+02,5.721709522382419921e-01
-1.936999999999999886e+02,5.721708997727497081e-01
-1.929549999999999841e+02,5.721708205368271072e-01
-1.922099999999999795e+02,5.721706953904877047e-01
-1.914649999999999750e+02,5.721705146880764481e-01
-1.907199999999999704e+02,5.721702793969569711e-01
-1.899749999999999943e+02,5.721700000926962515e-01
-1.892299999999999898e+02,5.721696941904005351e-01
-1.884849999999999852e+02,5.721693820851945222e-01
-1.877399999999999807e+02,5.721690830325452115e-01
-1.869949999999999761e+02,5.721688115834610011e-01
-1.862500000000000000e+02,5.721685752178474749e-01
-1.855049999999999955e+02,5.721683735374143431e-01
-1.847599999999999909e+02,5.721681990506852777e-01
-1.840149999999999864e+02,5.721680392736956389e-01
-1.832699999999999818e+02,5.721678796382598797e-01
-1.825249999999999773e+02,5.721677065831187736e-01
-1.817799999999999727e+02,5.721675102147255609e-01
-1.810349999999999682e+02,5.721672860516077153e-01
-1.802899999999999920e+02,5.721670355761113713e-01
-1.795449999999999875e+02,5.721667655641607952e-01
-1.787999999999999829e+02,5.721664863985294058e-01
-1.780549999999999784e+02,5.721662097512916212e-01
-1.773100000000000023e+02,5.721659461173148609e-01
-1.765649999999999977e+02,5.721657026812583258e-01
-1.758199999999999932e+02,5.721654819122167224e-01
-1.750749999999999886e+02,5.721652811250980131e-01
-1.743299999999999841e+02,5.721650930584409878e-01
-1.735849999999999795e+02,5.721649073307777389e-01
-1.728399999999999750e+02,5.721647124848231458e-01
-1.720949999999999704e+02,5.721644982352241948e-01
-1.713499999999999943e+02,5.721642575137145803e-01
-1.706049999999999898e+02,5.721639879545056262e-01
-1.698599999999999852e+02,5.721636925698573295e-01
-1.691149999999999807e+02,5.721633795094822617e-01
-1.683699999999999761e+02,5.721630609517728283e-01
-1.676250000000000000e+02,5.721627513140864485e-01
-1.668799999999999955e+02,5.721624650721196526e-01
-1.661349999999999909e+02,5.721622145309356311e-01
-1.653899999999999864e+02,5.721620078875910842e-01
-1.646449999999999818e+02,5.721618478716519185e-01
-1.638999999999999773e+02,5.721617311567055442e-01
-1.631549999999999727e+02,5.721616486198065621e-01
-1.624099999999999682e+02,5.721615864050201283e-01
-1.616649999999999920e+02,5.721615276393402505e-01
-1.609199999999999875e+02,5.721614545681348307e-01
-1.601749999999999829e+02,5.721613508317261454e-01
-1.594300000000000068e+02,5.721612035977113875e-01
-1.586850000000000023e+02,5.721610052926122680e-01
-1.579399999999999977e+02,5.721607547343779965e-01
-1.571949999999999932e+02,5.721604575442212903e-01
-1.564499999999999886e+02,5.721601258011664859e-01
-1.557049999999999841e+02,5.721597769849534609e-01
-1.549599999999999795e+02,5.721594323238179403e-01
-1.542149999999999750e+02,5.721591147170416169e-01
-1.534699999999999704e+02,5.721588464348362768e-01
-1.527249999999999659e+02,5.721586468096664380e-01
-1.519799999999999898e+02,5.721585301252732902e-01
-1.512349999999999852e+02,5.721585038857132099e-01
-1.504899999999999807e+02,5.721585676106321072e-01
-1.497450000000000045e+02,5.721587122588371876e-01
-1.490000000000000000e+02,5.721589203337109630e-01
-1.482549999999999955e+02,5.721591666743073290e-01
-1.475099999999999909e+02,5.721594198876993609e-01
-1.467649999999999864e+02,5.721596443335692506e-01
-1.460199999999999818e+02,5.721598025332429449e-01
-1.452749999999999773e+02,5.721598578445430405e-01
-1.445299999999999727e+02,5.721597772231917789e-01
-1.437849999999999682e+02,5.721595338833479483e-01
-1.430399999999999920e+02,5.721591096762485007e-01
-1.422949999999999875e+02,5.721584970282355131e-01
-1.415499999999999829e+02,5.721577003180730037e-01
-1.408050000000000068e+02,5.721567366271654853e-01
-1.400600000000000023e+02,5.721556358621594507e-01
-1.393149999999999977e+02,5.721544403225204967e-01
-1.385699999999999932e+02,5.721532038594344671e-01
-1.378249999999999886e+02,5.721519908388366105e-01
-1.370799999999999841e+02,5.721508751720213448e-01
-1.363349999999999795e+02,5.721499397038524171e-01
-1.355899999999999750e+02,5.721492762440785196e-01
-1.348449999999999704e+02,5.721489864868696262e-01
-1.340999999999999659e+02,5.721491839855895600e-01
-1.333549999999999898e+02,5.721499972357763086e-01
-1.326099999999999852e+02,5.721515737748148478e-01
-1.318649999999999807e+02,5.721540850409567724e-01
-1.311200000000000045e+02,5.721577315593575630e-01
-1.303750000000000000e+02,5.721627478530066924e-01
-1.296299999999999955e+02,5.721694063272038111e-01
-1.288849999999999909e+02,5.721780192627669015e-01
-1.281399999999999864e+02,5.721889379890132687e-01
-1.273949999999999818e+02,5.722025483035992899e-01
-1.266499999999999915e+02,5.722192612696267444e-01
-1.259049999999999869e+02,5.722394986536162298e-01
-1.251599999999999824e+02,5.722636724689238452e-01
-1.244149999999999920e+02,5.722921583509770205e-01
-1.236699999999999875e+02,5.723252628021421318e-01
-1.229249999999999829e+02,5.723631846902967890e-01
-1.221799999999999926e+02,5.724059717488512167e-01
-1.214349999999999881e+02,5.724534731882359173e-01
-1.206899999999999835e+02,5.725052898707101434e-01
-1.199449999999999790e+02,5.725607238037851987e-01
-1.191999999999999886e+02,5.726187289567127303e-01
-1.184549999999999841e+02,5.726778655865543133e-01
-1.177099999999999795e+02,5.727362603661859675e-01
-1.169649999999999892e+02,5.727915746311437184e-01
-1.162199999999999847e+02,5.728409830045207984e-01
-1.154749999999999801e+02,5.728811645221497661e-01
-1.147299999999999898e+02,5.729083081703576497e-01
-1.139849999999999852e+02,5.729181344746929749e-01
-1.132399999999999807e+02,5.729059344510306628e-01
-1.124949999999999903e+02,5.728666268621173119e-01
-1.117499999999999858e+02,5.727948343246856977e-01
-1.110049999999999812e+02,5.726849783957006501e-01
-1.102599999999999909e+02,5.725313933405441480e-01
-1.095149999999999864e+02,5.723284578585576821e-01
-1.087699999999999818e+02,5.720707436175590521e-01
-1.080249999999999915e+02,5.717531790318458595e-01
-1.072799999999999869e+02,5.713712263086729859e-01
-1.065349999999999824e+02,5.709210693855381047e-01
-1.057899999999999920e+02,5.703998099828572199e-01
-1.050449999999999875e+02,5.698056686012938910e-01
-1.042999999999999829e+02,5.691381868978858671e-01
-1.035549999999999926e+02,5.683984274790250257e-01
-1.028099999999999881e+02,5.675891667521345552e-01
-1.020649999999999835e+02,5.667150760853710834e-01
-1.013199999999999790e+02,5.657828861437323997e-01
-1.005749999999999886e+02,5.648015289135422945e-01
-9.982999999999998408e+01,5.637822516146099305e-01
-9.908499999999997954e+01,5.627386964567314687e-01
-9.833999999999998920e+01,5.616869400588507810e-01
-9.759499999999999886e+01,5.606454863573850922e-01
-9.684999999999999432e+01,5.596352070347468954e-01
-9.610499999999998977e+01,5.586792239554957407e-01
-9.535999999999998522e+01,5.578027288637864567e-01
-9.461499999999998067e+01,5.570327367269841679e-01
-9.386999999999997613e+01,5.563977706514546817e-01
-9.312500000000000000e+01,5.559274782729888287e-01
-9.237999999999999545e+01,5.556521819311913690e-01
-9.163499999999999091e+01,5.556023677281738404e-01
-9.088999999999998636e+01,5.558081216501425947e-01
-9.014499999999998181e+01,5.562985241431122052e-01
-8.939999999999997726e+01,5.571010176735295971e-01
-8.865499999999997272e+01,5.582407646194738060e-01
-8.790999999999999659e+01,5.597400150529315832e-01
-8.716499999999999204e+01,5.616175053193042110e-01
-8.641999999999998749e+01,5.638879085702227512e-01
-8.567499999999998295e+01,5.665613574131774799e-01
-8.492999999999997840e+01,5.696430565708701099e-01
-8.418499999999997385e+01,5.731329999883590931e-01
-8.343999999999999773e+01,5.770258024098173788e-01
-8.269499999999999318e+01,5.813106504000832286e-01
-8.194999999999998863e+01,5.859713725093729231e-01
-8.120499999999998408e+01,5.909866231914998602e-01
-8.045999999999997954e+01,5.973833167471555017e-01
-7.971499999999997499e+01,6.047465797218479766e-01
-7.896999999999999886e+01,6.123683449180117311e-01
-7.822499999999999432e+01,6.201944326794930351e-01
-7.747999999999998977e+01,6.281685535973625667e-01
-7.673499999999998522e+01,6.362330738946194719e-01
-7.598999999999998067e+01,6.443297364872632160e-01
-7.524499999999997613e+01,6.524003269635070268e-01
-7.450000000000000000e+01,6.603872776339755335e-01
-7.375499999999999545e+01,6.682342061446493453e-01
-7.300999999999999091e+01,6.758863878453903462e-01
-7.226499999999998636e+01,6.832911631755413939e-01
-7.151999999999998181e+01,6.903982828178999442e-01
-7.077499999999997726e+01,6.971601943642815602e-01
-7.002999999999997272e+01,7.035322748218753031e-01
-6.928499999999999659e+01,7.094730135607661969e-01
-6.853999999999999204e+01,7.149441503422079291e-01
-6.779499999999998749e+01,7.199107729451985627e-01
-6.704999999999998295e+01,7.243413786829209222e-01
-6.630499999999997840e+01,7.282079038148588923e-01
-6.555999999999997385e+01,7.314857245475406833e-01
-6.481499999999999773e+01,7.341536329996861676e-01
-6.406999999999999318e+01,7.361937912010848573e-01
-6.332499999999998863e+01,7.375916659078433080e-01
-6.257999999999998408e+01,7.383359467543439969e-01
-6.183499999999997954e+01,7.384184500259214357e-01
-6.108999999999997499e+01,7.378340101254001748e-01
-6.034499999999999886e+01,7.365803606195053810e-01
-5.959999999999999432e+01,7.346580065853355324e-01
-5.885499999999998977e+01,7.320700898298544423e-01
-5.810999999999998522e+01,7.288222484240056698e-01
-5.736499999999998067e+01,7.249224718750389984e-01
-5.661999999999997613e+01,7.203809531536266020e-01
-5.587500000000000000e+01,7.152099386943897574e-01
-5.512999999999999545e+01,7.094235773978569970e-01
-5.438499999999999091e+01,7.030377695772457303e-01
-5.363999999999998636e+01,6.960700167137593430e-01
-5.289499999999998181e+01,6.885392728084216429e-01
-5.214999999999997726e+01,6.804657980462482936e-01
-5.140499999999997272e+01,6.718710154193202611e-01
-5.065999999999999659e+01,6.627773708887588766e-01
-4.991499999999999204e+01,6.532081976015633451e-01
-4.916999999999998749e+01,6.431875846166276167e-01
-4.842499999999998295e+01,6.327402505350070427e-01
-4.767999999999997840e+01,6.218914223726764723e-01
-4.693499999999997385e+01,6.106667199596599316e-01
-4.618999999999999773e+01,5.990920460976006945e-01
-4.544499999999999318e+01,5.871934826586707734e-01
-4.469999999999998863e+01,5.749971927622582468e-01
-4.395499999999998408e+01,5.625293291222128733e-01
-4.320999999999997954e+01,5.498159486166472876e-01
-4.246499999999997499e+01,5.376211585700882978e-01
-4.171999999999999886e+01,5.252707074232834117e-01
-4.097499999999999432e+01,5.127193053827662217e-01
-4.022999999999998977e+01,4.999906819398542424e-01
-3.948499999999998522e+01,4.871083408760578104e-01
-3.873999999999998067e+01,4.740955032208533648e-01
-3.799499999999997613e+01,4.609750555069419553e-01
-3.725000000000000000e+01,4.477695032344284898e-01
-3.650499999999999545e+01,4.345009294357819463e-01
-3.575999999999999091e+01,4.211909582165115906e-01
-3.501499999999998636e+01,4.078607231321895177e-01
-3.426999999999998181e+01,3.945308402507140544e-01
-3.352499999999997726e+01,3.812213857395230776e-01
-3.277999999999997272e+01,3.679518778107831456e-01
-3.203499999999999659e+01,3.547412628533892498e-01
-3.128999999999999204e+01,3.416079055788842633e-01
-3.054499999999998749e+01,3.285695830091613923e-01
-2.979999999999998295e+01,3.156434821370456834e-01
-2.905499999999997840e+01,3.028462010966169737e-01
-2.830999999999997385e+01,2.901937536884597879e-01
-2.756499999999999773e+01,2.777015771160016300e-01
-2.681999999999999318e+01,2.653845428027699627e-01
-2.607499999999998863e+01,2.536918381076712636e-01
-2.532999999999998408e+01,2.422337904045213930e-01
-2.458499999999997954e+01,2.309588143875420663e-01
-2.383999999999997499e+01,2.198802412275404072e-01
-2.309499999999999886e+01,2.090109639146839893e-01
-2.234999999999999432e+01,1.983634546981355717e-01
-2.160499999999998977e+01,1.879497846523347226e-01
-2.085999999999998522e+01,1.777816452257703628e-01
-2.011499999999998067e+01,1.678703715928180906e-01
-1.936999999999997613e+01,1.582269675679265630e-01
-1.862500000000000000e+01,1.488621317408319600e-01
-1.787999999999999545e+01,1.397862843322310311e-01
-1.713499999999999091e+01,1.310095940236583600e-01
-1.638999999999998636e+01,1.225420036438376048e-01
-1.564499999999998181e+01,1.143932530416748028e-01
-1.489999999999997726e+01,1.065728966569346597e-01
-1.415499999999997272e+01,9.909030957173893539e-02
-1.340999999999999659e+01,9.195417815231274328e-02
-1.266499999999999204e+01,8.525371179446492031e-02
-1.191999999999998749e+01,7.902428322071815281e-02
-1.117499999999998295e+01,7.309095364249539040e-02
-1.042999999999997840e+01,6.747440880369671989e-02
-9.684999999999973852e+00,6.217352400643146731e-02
-8.939999999999997726e+00,5.718719251235375445e-02
-8.194999999999993179e+00,5.251386213538290076e-02
-7.449999999999988631e+00,4.815096253473065413e-02
-6.704999999999984084e+00,4.409440899982829815e-02
-5.959999999999979536e+00,4.033820091319374052e-02
-5.214999999999974989e+00,3.687413237044354780e-02
-4.469999999999998863e+00,3.381120893329487426e-02
-3.724999999999994316e+00,3.108623460097829569e-02
-2.979999999999989768e+00,2.862756276820255935e-02
-2.234999999999985221e+00,2.675248567211406178e-02
-1.489999999999980673e+00,2.987690596123439637e-02
-7.449999999999761258e-01,3.332321916435945081e-02
0.000000000000000000e+00,3.711189285380564473e-02
7.450000000000045475e-01,4.126335318231398597e-02
1.490000000000009095e+00,4.579781879577656672e-02
2.235000000000013642e+00,5.073511061980553322e-02
2.980000000000018190e+00,5.609443442318685219e-02
3.725000000000022737e+00,6.189413262627320444e-02
4.470000000000027285e+00,6.815140134900274371e-02
5.215000000000003411e+00,7.488196817287698370e-02
5.960000000000007958e+00,8.209972551427058285e-02
6.705000000000012506e+00,8.981631386522351268e-02
7.450000000000017053e+00,9.804064844968021775e-02
8.195000000000021600e+00,1.067783820729405336e-01
8.940000000000026148e+00,1.160312961252012165e-01
9.685000000000002274e+00,1.257966108650171166e-01
1.043000000000000682e+01,1.360662053006694572e-01
1.117500000000001137e+01,1.468257363165683393e-01
1.192000000000001592e+01,1.580536596055622245e-01
1.266500000000002046e+01,1.697303935577742506e-01
1.341000000000002501e+01,1.820873679167848147e-01
1.415500000000000114e+01,1.946164347534615757e-01
1.490000000000000568e+01,2.075394460696506627e-01
1.564500000000001023e+01,2.208504652403130153e-01
1.639000000000001478e+01,2.345413499639885935e-01
1.713500000000001933e+01,2.486032412694303140e-01
1.788000000000002387e+01,2.630265288506062338e-01
1.862500000000000000e+01,2.778008103547663921e-01
1.937000000000000455e+01,2.929148513945419863e-01
2.011500000000000909e+01,3.083565463611465107e-01
2.086000000000001364e+01,3.241128801026477158e-01
2.160500000000001819e+01,3.401698905627711378e-01
2.235000000000002274e+01,3.565126325237608640e-01
2.309500000000002728e+01,3.731251426581682629e-01
2.384000000000000341e+01,3.899904061631455088e-01
2.458500000000000796e+01,4.070903253191661131e-01
2.533000000000001251e+01,4.244056903749949261e-01
2.607500000000001705e+01,4.419161532049999397e-01
2.682000000000002160e+01,4.597339868104631244e-01
2.756500000000002615e+01,4.780569719377251725e-01
2.831000000000000227e+01,4.965515184232541790e-01
2.905500000000000682e+01,5.151938322184234087e-01
2.980000000000001137e+01,5.339587886296193187e-01
3.054499999999998749e+01,5.528199173740014905e-01
3.128999999999999204e+01,5.717493928493834199e-01
3.203499999999999659e+01,5.907180299823261427e-01
3.278000000000000114e+01,6.096952859943453040e-01
3.352500000000000568e+01,6.286492684198464742e-01
3.427000000000001023e+01,6.475467497235586345e-01
3.501500000000001478e+01,6.663531888986520269e-01
3.576000000000001933e+01,6.850327604746410115e-01
3.650500000000002387e+01,7.035483914188623844e-01
3.725000000000002842e+01,7.218618064672910339e-01
3.799500000000003297e+01,7.399335824598168854e-01
3.874000000000003752e+01,7.577232122731983877e-01
3.948499999999998522e+01,7.751891789355473961e-01
4.022999999999998977e+01,7.922890404666911301e-01
4.097499999999999432e+01,8.089795259202736677e-01
4.171999999999999886e+01,8.252166430107316097e-01
4.246500000000000341e+01,8.409557975987947964e-01
4.321000000000000796e+01,8.561519251917473206e-01
4.395500000000001251e+01,8.707596344979495750e-01
4.470000000000001705e+01,8.847333629657933018e-01
4.544500000000002160e+01,8.980275441390166424e-01
4.619000000000002615e+01,9.105967865728527011e-01
4.693500000000003070e+01,9.223960639748224333e-01
4.768000000000003524e+01,9.333809161529892373e-01
4.842500000000003979e+01,9.435076602647600730e-01
4.916999999999998749e+01,9.527336117531496340e-01
4.991499999999999204e+01,9.611304701857351640e-01
5.065999999999999659e+01,9.698084314502012360e-01
5.140500000000000114e+01,9.774778065192933907e-01
5.215000000000000568e+01,9.840948984236653763e-01
5.289500000000001023e+01,9.896176979052619949e-01
5.364000000000001478e+01,9.940061508113039457e-01
5.438500000000001933e+01,9.972224318493663198e-01
5.513000000000002387e+01,9.992312236280075366e-01
5.587500000000002842e+01,1.000000000000000000e+00
5.662000000000003297e+01,9.994993129449115665e-01
5.736500000000003752e+01,9.977030825983987938e-01
5.810999999999998522e+01,9.945888905707827021e-01
5.885499999999998977e+01,9.901382773973261830e-01
5.959999999999999432e+01,9.843370458107175702e-01
6.034499999999999886e+01,9.771755724886046490e-01
6.109000000000000341e+01,9.686491319546443046e-01
6.183500000000000796e+01,9.587582373350646003e-01
6.258000000000001251e+01,9.475090036185979114e-01
6.332500000000001705e+01,9.349135398559469401e-01
6.407000000000002160e+01,9.209903772877859884e-01
6.481500000000002615e+01,9.057649406380814394e-01
6.556000000000003070e+01,8.892700696956281625e-01
6.630500000000003524e+01,8.715465977892044025e-01
6.705000000000003979e+01,8.526439928100956189e-01
6.779499999999998749e+01,8.326210650203322849e-01
6.853999999999999204e+01,8.115467439565615670e-01
6.928499999999999659e+01,7.895009241950978751e-01
7.003000000000000114e+01,7.665753763748001104e-01
7.077500000000000568e+01,7.428747152919802366e-01
7.152000000000001023e+01,7.185174104137307394e-01
7.226500000000001478e+01,6.936368147158626929e-01
7.301000000000001933e+01,6.683821736818734704e-01
7.375500000000002387e+01,6.454568299952497812e-01
7.450000000000002842e+01,6.240281986805524816e-01
7.524500000000003297e+01,6.031843690434229854e-01
7.599000000000003752e+01,5.831383658118214353e-01
7.673499999999998522e+01,5.687834337762699422e-01
7.747999999999998977e+01,5.561939257988830487e-01
7.822499999999999432e+01,5.450643209820937862e-01
7.896999999999999886e+01,5.354897469600818916e-01
7.971500000000000341e+01,5.275268408214395244e-01
8.046000000000000796e+01,5.246871730009540213e-01
8.120500000000001251e+01,5.230983246957799926e-01
8.195000000000001705e+01,5.226194870552715033e-01
8.269500000000002160e+01,5.231041437885750600e-01
8.344000000000002615e+01,5.243857218969648626e-01
8.418500000000003070e+01,5.262855694954527985e-01
8.493000000000003524e+01,5.286210216534112938e-01
8.567500000000003979e+01,5.312130149366309784e-01
8.641999999999998749e+01,5.338928584039429603e-01
8.716499999999999204e+01,5.365079217760370112e-01
8.790999999999999659e+01,5.389261326778055361e-01
8.865500000000000114e+01,5.410392708410225460e-01
8.940000000000000568e+01,5.427651065339333947e-01
9.014500000000001023e+01,5.440484593774582711e-01
9.089000000000001478e+01,5.448612614316539204e-01
9.163500000000001933e+01,5.452017044926483758e-01
9.238000000000002387e+01,5.450925440498612939e-01
9.312500000000002842e+01,5.445786275414034039e-01
9.387000000000003297e+01,5.437237167632482659e-01
9.461500000000003752e+01,5.426066861484561965e-01
9.535999999999998522e+01,5.413172010201258155e-01
9.610499999999998977e+01,5.399510118035445450e-01
9.684999999999999432e+01,5.386050383283154108e-01
9.759499999999999886e+01,5.386716145003427325e-01
9.834000000000000341e+01,5.390674101429042686e-01
9.908500000000000796e+01,5.396802801095139657e-01
9.983000000000001251e+01,5.405611464540247546e-01
1.005750000000000171e+02,5.417435491131259440e-01
1.013200000000000216e+02,5.432421144802177526e-01
1.020650000000000261e+02,5.450522552504124540e-01
1.028100000000000307e+02,5.471510759866329288e-01
1.035550000000000352e+02,5.494993613830752022e-01
1.043000000000000398e+02,5.520444428482133015e-01
1.050449999999999875e+02,5.547236841393470286e-01
1.057899999999999920e+02,5.574683031185997395e-01
1.065349999999999966e+02,5.602072531181176984e-01
1.072800000000000011e+02,5.628709180849803539e-01
1.080250000000000057e+02,5.653944222896644112e-01
1.087700000000000102e+02,5.677204092960529414e-01
1.095150000000000148e+02,5.698011988520259585e-01
1.102600000000000193e+02,5.716002793426439021e-01
1.110050000000000239e+02,5.730931347546974752e-01
1.117500000000000284e+02,5.742674379522022532e-01
1.124950000000000330e+02,5.751226669645025380e-01
1.132400000000000375e+02,5.756692191026280270e-01
1.139849999999999852e+02,5.759271103507368483e-01
1.147299999999999898e+02,5.759243557396914737e-01
1.154749999999999943e+02,5.756951310440152625e-01
1.162199999999999989e+02,5.752778174928243615e-01
1.169650000000000034e+02,5.747130292528296325e-01
1.177100000000000080e+02,5.740417180283589049e-01
1.184550000000000125e+02,5.733034400053752533e-01
1.192000000000000171e+02,5.725348574789373979e-01
1.199450000000000216e+02,5.717685311002539406e-01
1.206900000000000261e+02,5.710320394324945870e-01
1.214350000000000307e+02,5.703474415181594148e-01
1.221800000000000352e+02,5.697310768886294507e-01
1.229250000000000398e+02,5.691936775220360900e-01
1.236699999999999875e+02,5.687407492684042332e-01
1.244149999999999920e+02,5.683731675262467808e-01
1.251599999999999966e+02,5.680879243248639909e-01
1.259050000000000011e+02,5.678789617246686738e-01
1.266500000000000057e+02,5.677380292995035660e-01
1.273950000000000102e+02,5.676555106217043845e-01
1.281400000000000148e+02,5.676211739988824556e-01
1.288850000000000193e+02,5.676248149100008300e-01
1.296300000000000239e+02,5.676567703608031978e-01
1.303750000000000284e+02,5.677082975729575987e-01
1.311200000000000330e+02,5.677718201239422280e-01
1.318650000000000375e+02,5.678410532380098186e-01
1.326099999999999852e+02,5.679110260568938084e-01
1.333549999999999898e+02,5.679780223252434146e-01
1.340999999999999943e+02,5.680394621688680257e-01
1.348449999999999989e+02,5.680937468554461134e-01
1.355900000000000034e+02,5.681400860553116328e-01
1.363350000000000080e+02,5.681783236724441410e-01
1.370800000000000125e+02,5.682087743087811393e-01
1.378250000000000171e+02,5.682320783359717797e-01
1.385700000000000216e+02,5.682490797789481185e-01
1.393150000000000261e+02,5.682607280632120395e-01
1.400600000000000307e+02,5.682680023224264687e-01
1.408050000000000352e+02,5.682718554651765563e-01
1.415500000000000398e+02,5.682731745115428001e-01
1.422949999999999875e+02,5.682727536967824289e-01
1.430399999999999920e+02,5.682712773091336267e-01
1.437849999999999966e+02,5.682693099655714564e-01
1.445300000000000011e+02,5.682672928253195144e-01
1.452750000000000057e+02,5.682655449235936018e-01
1.460200000000000102e+02,5.682642692598901535e-01
1.467650000000000148e+02,5.682635634432433580e-01
1.475100000000000193e+02,5.682634345921732111e-01
1.482550000000000239e+02,5.682638178742882573e-01
1.490000000000000284e+02,5.682645976509614894e-01
1.497450000000000330e+02,5.682656297826093050e-01
1.504900000000000375e+02,5.682667633595485102e-01
1.512349999999999852e+02,5.682678600357899956e-01
1.519799999999999898e+02,5.682688093022832954e-01
1.527249999999999943e+02,5.682695384395851645e-01
1.534699999999999989e+02,5.682700164903902174e-01
1.542150000000000034e+02,5.682702523064374622e-01
1.549600000000000080e+02,5.682702874469183207e-01
1.557050000000000125e+02,5.682701853275379245e-01
1.564500000000000171e+02,5.682700184456538350e-01
1.571950000000000216e+02,5.682698556717991067e-01
1.579400000000000261e+02,5.682697514759394997e-01
1.586850000000000307e+02,5.682697385671207080e-01
1.594300000000000352e+02,5.682698248284498987e-01
1.601750000000000398e+02,5.682699947186047318e-01
1.609199999999999875e+02,5.682702145970057739e-01
1.616649999999999920e+02,5.682704408233818505e-01
1.624099999999999966e+02,5.682706290775698665e-01
1.631550000000000011e+02,5.682707432036587791e-01
1.639000000000000057e+02,5.682707620236807644e-01
1.646450000000000102e+02,5.682706829641213098e-01
1.653900000000000148e+02,5.682705219261199314e-01
1.661350000000000193e+02,5.682703095086752976e-01
1.668800000000000239e+02,5.682700843492179965e-01
1.676250000000000284e+02,5.682698848661623670e-01
1.683700000000000330e+02,5.682697409832094815e-01
1.691150000000000375e+02,5.682696674315635965e-01
1.698599999999999852e+02,5.682696599564485140e-01
1.706049999999999898e+02,5.682696952398716972e-01
1.713499999999999943e+02,5.682697346772881408e-01
1.720949999999999989e+02,5.682697314268514432e-01
1.728400000000000034e+02,5.682696395132134093e-01
1.735850000000000080e+02,5.682694233306146980e-01
1.743300000000000125e+02,5.682690657391360478e-01
1.750750000000000171e+02,5.682685731232971493e-01
1.758200000000000216e+02,5.682679762672288026e-01
1.765650000000000261e+02,5.682673266226003772e-01
1.773100000000000307e+02,5.682666883849621930e-01
1.780550000000000352e+02,5.682661276038595277e-01
1.788000000000000398e+02,5.682657001814566122e-01
1.795449999999999875e+02,5.682654409367534631e-01
1.802899999999999920e+02,5.682653558493773183e-01
1.810349999999999966e+02,5.682654191359446383e-01
1.817800000000000011e+02,5.682655760133542566e-01
1.825250000000000057e+02,5.682657509941062557e-01
1.832700000000000102e+02,5.682658605137217434e-01
1.840150000000000148e+02,5.682658278031971211e-01
1.847600000000000193e+02,5.682655973676408179e-01
1.855050000000000239e+02,5.682651463424265303e-01
1.862500000000000284e+02,5.682644904185155665e-01
1.869950000000000330e+02,5.682636829135380152e-01
1.877400000000000375e+02,5.682628067773657365e-01
1.884849999999999852e+02,5.682619606501799758e-01
1.892299999999999898e+02,5.682612412897685150e-01
1.899749999999999943e+02,5.682607255127927193e-01
1.907199999999999989e+02,5.682604550668086674e-01
1.914650000000000034e+02,5.682604274761469121e-01
1.922100000000000080e+02,5.682605949161169123e-01
1.929550000000000125e+02,5.682608717207752180e-01
1.937000000000000171e+02,5.682611494762794813e-01
1.944450000000000216e+02,5.682613171096838611e-01
1.951900000000000261e+02,5.682612822663652974e-01
1.959350000000000307e+02,5.682609898281862915e-01
1.966800000000000352e+02,5.682604337892810387e-01
1.974250000000000398e+02,5.682596598520450737e-01
1.981699999999999875e+02,5.682587578463760281e-01
1.989149999999999920e+02,5.682578450899791189e-01
1.996599999999999966e+02,5.682570436986823514e-01
2.004050000000000011e+02,5.682564562254771579e-01
2.011500000000000057e+02,5.682561445412023238e-01
2.018950000000000102e+02,5.682561164100312645e-01
2.026400000000000148e+02,5.682563228008630229e-01
2.033850000000000193e+02,5.682566668578227231e-01
2.041300000000000239e+02,5.682570230413763746e-01
2.048750000000000284e+02,5.682572627455368952e-01
2.056200000000000330e+02,5.682572811804412760e-01
2.063650000000000375e+02,5.682570198453879007e-01
2.071099999999999852e+02,5.682564796583711164e-01
2.078549999999999898e+02,5.682557216516030962e-01
2.085999999999999943e+02,5.682548547371654157e-01
2.093449999999999989e+02,5.682540128559537829e-01
2.100900000000000034e+02,5.682533262332208901e-01
2.108350000000000080e+02,5.682528929190973077e-01
2.115800000000000125e+02,5.682527569228570385e-01
2.123250000000000171e+02,5.682528979672941682e-01
2.130700000000000216e+02,5.682532354243087225e-01
2.138150000000000261e+02,5.682536458573547167e-01
2.145600000000000307e+02,5.682539904830175015e-01
2.153050000000000352e+02,5.682541464925892072e-01
2.160500000000000398e+02,5.682540351254202760e-01
2.167949999999999875e+02,5.682536399556411544e-01
2.175399999999999920e+02,5.682530109706914745e-01
2.182849999999999966e+02,5.682522532421545591e-01
2.190300000000000011e+02,5.682515025922263430e-01
2.197750000000000057e+02,5.682508937960972784e-01
2.205200000000000102e+02,5.682505287616769207e-01
2.212650000000000148e+02,5.682504522913514045e-01
2.220100000000000193e+02,5.682506413573259474e-01
2.227550000000000239e+02,5.682510106606677436e-01
2.235000000000000284e+02,5.682514333234148785e-01
2.242450000000000330e+02,5.682517718282276142e-01
2.249900000000000375e+02,5.682519117049648072e-01
2.257349999999999852e+02,5.682517896552357062e-01
